y,alpha,beta
1,107,923
1,300,480
0,770,478
0,598,395
1,940,986
1,952,745
1,140,338
1,356,550
0,808,323
1,568,833
1,493,991
1,187,895
1,899,53
1,188,635
1,854,976
1,719,753
1,898,105
1,405,957
0,380,342
1,328,745
1,173,443
0,607,258
1,221,203
0,869,606
1,186,989
1,763,899
1,55,52
0,778,332
0,534,324
0,372,12
1,213,322
0,626,522
0,795,383
1,62,517
0,445,509
1,551,738
1,879,856
1,80,473
1,8,199
0,703,6
0,402,448
1,973,994
0,769,49
1,94,306
1,915,737
0,863,3
1,0,549
0,779,556
1,101,641
0,963,702
1,313,909
1,471,942
1,8,378
1,154,603
0,806,494
1,363,936
1,651,918
0,483,183
1,522,972
1,247,645
1,217,830
0,607,272
0,722,128
1,238,733
0,287,380
1,135,607
0,814,484
1,36,168
0,891,351
1,76,879
1,175,78
1,192,13
1,277,978
1,909,83
0,669,581
1,110,236
0,265,354
1,541,964
1,333,897
1,891,980
1,319,616
1,233,394
0,877,318
1,762,879
0,292,256
1,969,838
0,557,229
0,256,208
0,625,741
0,453,170
1,452,762
1,42,696
0,445,483
1,304,557
0,931,450
0,721,539
1,218,279
0,175,105
1,64,187
0,723,239
1,947,966
1,119,905
0,753,324
0,578,549
0,509,422
0,470,454
1,667,815
1,154,741
1,79,490
1,996,959
1,953,734
0,391,25
1,228,293
0,968,404
1,314,996
1,913,981
0,585,116
0,336,364
0,128,48
0,635,114
0,546,494
1,24,922
0,779,424
0,333,17
1,20,889
1,597,853
1,685,789
0,418,432
1,430,678
1,809,880
0,638,46
1,157,525
0,844,471
1,298,525
1,919,836
0,656,222
1,198,827
1,203,463
0,652,450
1,876,995
0,527,534
1,274,520
1,705,995
1,568,837
0,919,400
0,947,348
0,619,14
0,786,9
0,557,398
1,219,403
0,504,591
1,714,914
1,931,965
0,786,520
1,318,449
1,110,189
0,975,416
1,426,705
1,731,930
1,45,915
1,224,676
1,990,35
1,946,92
1,81,192
1,597,964
0,849,454
1,852,927
0,997,694
1,55,125
0,953,632
0,293,177
0,604,377
0,956,556
0,521,298
0,469,79
0,887,313
1,493,567
1,400,734
0,620,248
0,932,487
0,750,581
1,481,715
0,780,362
0,601,235
0,703,230
1,469,872
1,146,6
0,847,285
0,414,510
1,450,689
0,848,497
1,493,722
1,274,742
1,587,660
1,544,765
1,277,613
1,398,941
0,503,356
0,651,200
1,622,681
0,895,490
0,564,175
1,80,532
1,589,939
1,470,716
0,963,344
1,713,828
1,238,194
1,969,926
1,25,244
0,507,162
0,350,224
1,847,899
1,257,478
0,485,374
1,813,860
1,145,628
1,930,952
0,671,496
1,176,646
1,28,332
1,674,992
1,46,866
1,290,917
1,445,711
1,190,683
1,468,749
1,382,861
1,212,650
1,87,676
1,913,940
1,193,508
0,592,107
0,867,367
1,840,65
0,837,560
0,633,630
0,616,277
1,550,712
1,111,883
1,134,829
0,970,553
0,920,578
0,197,129
0,732,92
1,165,777
1,386,823
1,362,975
1,213,417
1,116,509
0,358,314
1,808,689
1,101,150
1,523,696
0,815,683
0,425,17
0,597,156
1,770,685
0,850,93
0,508,439
1,355,498
1,937,187
0,995,650
0,919,347
1,185,386
0,577,469
0,707,392
0,522,87
1,10,132
1,224,883
0,529,81
0,502,289
0,324,244
0,560,278
1,381,840
0,654,85
1,269,931
0,495,362
1,430,652
1,431,924
1,373,998
1,473,648
1,954,741
1,178,300
1,968,990
1,37,438
1,79,144
0,715,562
0,503,344
1,150,679
0,628,615
0,680,580
1,102,570
1,870,817
0,595,526
1,740,794
1,261,545
1,721,849
0,725,358
0,548,546
1,822,733
1,91,304
1,399,759
1,429,936
0,786,353
0,313,87
0,314,29
1,33,882
1,83,358
1,132,863
1,854,924
1,202,555
1,307,744
0,841,526
1,309,894
1,8,846
1,107,75
0,638,112
1,513,818
0,475,272
1,247,313
0,846,201
1,904,118
1,542,687
1,996,139
1,433,903
0,712,370
1,921,949
1,563,899
1,210,639
1,271,657
0,851,665
1,153,156
0,932,754
1,328,760
1,41,10
1,77,655
1,643,752
1,484,540
1,540,684
1,998,885
1,600,916
0,307,244
1,924,78
1,691,811
0,740,109
1,238,827
0,414,414
1,341,580
1,413,560
1,187,444
0,674,554
1,513,994
0,560,239
0,584,36
0,445,461
0,464,342
1,971,153
1,320,420
0,969,398
0,508,73
0,998,159
1,42,723
0,448,482
1,155,702
1,773,863
0,836,153
0,694,530
1,511,674
0,244,172
0,405,430
0,771,562
0,886,275
0,729,538
1,773,979
0,289,201
0,608,31
1,228,631
0,987,388
0,596,628
1,288,959
0,594,382
0,597,645
1,393,953
1,187,671
1,155,524
0,241,42
1,536,963
1,7,48
1,168,486
1,191,184
0,695,299
1,204,509
1,99,868
1,980,71
1,348,954
1,851,32
0,416,367
1,59,334
0,469,306
1,133,129
0,927,312
1,355,956
0,423,437
1,26,802
0,824,273
1,401,854
0,395,115
0,702,343
0,394,290
1,478,775
1,828,35
1,45,899
0,765,225
0,487,412
1,175,137
1,834,891
1,562,990
1,301,754
0,624,104
1,885,882
0,669,132
1,561,684
1,128,58
1,31,708
1,442,829
0,679,648
1,654,916
0,160,101
1,484,927
0,375,383
1,753,904
1,403,839
1,397,649
0,755,483
1,870,802
0,991,269
0,446,485
1,568,913
1,426,661
1,23,301
1,827,948
1,938,209
0,328,232
1,427,483
1,724,793
0,920,525
1,724,880
0,971,362
0,694,384
1,401,683
0,486,276
1,75,746
0,438,243
0,994,338
0,934,349
1,780,969
1,53,415
1,180,562
1,2,881
1,840,18
1,9,347
1,101,417
0,926,332
0,650,268
1,53,716
1,234,702
0,421,593
1,594,953
0,302,226
1,552,763
0,519,611
0,800,634
1,308,891
1,10,133
1,152,662
1,912,921
0,857,373
0,609,84
1,520,950
1,80,510
1,313,572
1,708,829
0,543,517
0,870,384
1,160,389
0,378,12
0,581,405
1,557,621
1,16,79
1,53,909
1,694,889
0,700,334
0,248,352
1,927,112
0,959,465
0,341,344
1,714,891
1,36,624
0,688,375
1,224,932
0,754,591
1,182,697
1,106,412
1,869,757
0,575,595
1,919,90
1,154,380
1,104,284
1,503,756
1,73,915
0,682,648
1,362,581
1,705,654
1,929,982
1,266,540
1,593,997
0,777,240
1,662,813
1,881,865
0,887,347
0,725,376
0,311,251
0,554,327
1,113,441
0,847,507
0,730,240
1,987,863
1,865,880
1,711,711
0,709,73
1,270,885
1,85,830
0,847,185
0,870,275
1,883,877
0,848,438
0,844,464
1,44,917
1,524,732
1,290,966
0,748,389
0,316,250
1,99,985
1,356,874
1,122,719
0,819,633
0,867,686
0,734,288
1,199,678
0,679,259
0,632,327
1,373,635
0,853,297
0,676,290
1,333,649
0,770,179
0,455,114
0,723,310
0,931,665
0,595,624
0,785,271
1,385,661
1,423,592
0,796,643
1,122,131
0,441,242
1,62,705
1,932,128
1,47,65
0,669,40
1,843,92
0,467,163
1,438,976
0,690,25
1,915,925
0,358,255
1,710,719
1,315,966
0,790,125
1,474,740
1,584,872
0,674,685
0,549,462
0,337,459
1,350,739
1,45,8
0,538,426
0,812,130
1,918,211
1,315,573
1,293,840
0,715,208
1,863,822
0,768,147
1,398,726
0,652,109
1,54,678
0,777,179
1,78,311
0,978,640
1,461,817
1,12,352
0,770,376
1,403,777
1,239,421
1,892,99
0,561,594
0,567,481
0,426,239
0,341,331
1,127,739
1,123,273
1,97,92
1,383,766
0,962,286
0,861,588
1,239,419
0,897,168
0,698,127
1,312,729
1,19,567
1,767,795
0,389,478
0,413,476
1,711,694
1,382,885
1,997,810
1,793,824
0,630,275
0,395,467
1,425,979
1,468,856
1,285,957
0,862,604
1,3,420
1,593,919
1,700,902
1,900,987
1,872,135
0,914,401
1,307,621
0,499,518
1,725,752
0,752,104
0,602,273
1,77,650
1,508,721
0,356,192
0,736,265
1,413,699
0,675,386
0,959,715
1,253,827
1,706,695
1,438,831
1,931,956
1,12,342
0,718,416
1,671,727
1,773,745
0,701,219
1,354,964
0,635,158
1,973,115
1,118,64
1,124,275
0,473,120
1,159,819
0,740,649
1,823,841
1,137,879
0,858,90
0,567,599
1,72,861
1,895,860
1,650,908
1,874,24
0,446,583
1,255,593
1,228,884
1,603,790
1,306,478
0,433,201
1,763,724
0,424,430
1,531,885
1,603,846
0,298,163
1,365,819
1,290,739
1,342,356
0,477,412
0,520,662
0,763,478
1,983,929
1,195,95
0,623,90
0,478,615
0,360,181
0,708,616
1,514,902
1,11,91
1,755,865
0,381,403
0,734,89
0,713,112
0,679,546
1,351,764
0,455,136
0,542,498
1,175,991
1,7,477
1,142,641
1,364,802
1,457,710
1,832,993
1,948,942
1,618,715
1,433,859
0,445,484
1,155,68
1,226,496
0,526,509
0,992,238
1,128,991
1,327,666
1,86,52
1,203,227
0,409,469
1,99,590
0,517,574
0,472,555
0,779,153
0,360,120
1,443,889
1,233,554
1,898,180
1,638,936
1,724,816
0,824,658
0,242,256
1,773,903
1,199,587
1,269,997
1,465,841
0,336,20
0,501,528
1,390,976
0,565,19
1,6,358
1,13,246
1,61,829
0,840,528
0,516,430
1,552,585
1,145,607
1,176,26
0,786,494
1,118,480
1,369,524
0,867,168
1,111,770
1,890,87
0,506,82
0,919,387
1,420,668
1,610,743
0,572,647
0,516,574
1,851,817
1,342,779
1,138,272
1,248,888
0,648,171
1,31,327
0,920,693
0,857,584
1,786,922
1,36,653
0,759,250
0,667,556
0,844,534
0,780,261
1,76,29
0,639,638
0,850,448
0,895,545
0,638,66
1,296,890
1,347,584
1,846,786
1,225,436
1,290,870
1,74,399
0,605,581
1,493,948
1,531,966
0,297,22
0,495,254
0,388,311
1,282,652
0,904,646
0,687,693
1,837,824
0,847,429
0,520,328
1,534,777
1,403,706
0,776,482
1,388,835
0,791,509
1,126,625
0,405,319
1,99,120
1,987,882
0,964,686
1,243,227
0,918,656
0,461,626
1,189,559
1,260,956
1,74,261
1,34,458
1,109,178
0,561,371
1,225,645
1,575,848
1,117,306
1,871,36
1,307,751
0,736,526
0,486,17
1,943,124
1,335,762
0,726,391
1,68,743
0,649,520
1,356,913
1,527,944
0,991,662
0,547,465
0,963,247
1,850,872
1,202,789
0,845,290
1,351,587
0,790,729
1,321,970
1,576,922
1,54,457
0,678,200
1,108,862
1,522,711
0,547,456
1,26,548
0,638,38
1,994,888
1,384,852
0,781,309
1,736,887
0,461,49
0,793,613
0,216,260
0,833,585
1,251,865
0,564,320
1,85,721
1,36,206
0,328,417
0,562,167
0,836,151
1,816,919
0,589,517
1,528,738
0,617,239
0,503,583
0,687,424
0,568,79
1,210,984
0,736,463
1,61,104
1,613,712
0,347,270
1,220,812
1,169,681
1,547,873
1,440,823
0,821,469
1,504,677
0,298,377
1,285,864
0,763,485
0,303,444
1,156,378
1,44,502
1,339,914
1,285,557
0,920,627
1,191,865
0,555,57
0,382,95
1,958,119
0,439,482
0,412,436
1,197,25
1,982,952
1,869,46
0,969,681
1,66,174
1,96,110
1,185,560
1,785,963
1,485,881
0,357,55
0,397,539
0,740,115
1,438,946
1,113,45
1,161,487
1,535,900
1,732,755
1,237,701
0,358,294
0,459,91
0,554,480
0,878,206
1,396,607
1,9,612
0,455,365
1,268,841
1,266,801
0,380,340
1,514,823
1,913,749
1,990,871
1,552,820
0,341,230
0,769,578
0,638,238
0,337,431
0,408,194
1,899,925
1,969,892
1,157,325
0,854,553
1,183,317
0,527,533
0,347,354
1,89,185
0,640,25
0,284,116
1,699,830
1,532,978
0,548,149
0,507,316
1,26,608
1,731,980
0,655,455
1,538,973
0,696,739
0,319,206
0,783,495
0,719,431
1,10,154
1,501,992
0,368,241
1,414,761
1,875,201
1,107,622
0,716,272
0,876,653
1,500,757
0,799,566
0,628,217
0,581,584
0,956,616
1,13,143
1,70,17
1,937,826
0,739,20
1,7,148
0,676,116
0,694,685
0,625,288
0,374,228
0,963,715
1,770,652
1,550,954
1,187,265
0,552,61
1,979,706
1,172,344
1,163,739
0,896,805
0,448,299
1,968,726
0,852,321
1,563,754
0,642,513
1,174,423
0,551,653
1,521,945
1,811,71
0,894,243
1,78,550
1,882,33
1,853,862
1,208,755
1,989,802
0,573,651
0,668,551
1,955,999
0,657,377
0,568,448
0,526,76
1,372,672
1,798,929
0,872,795
0,974,640
1,164,928
1,488,940
1,451,807
1,22,572
1,186,759
1,899,125
1,341,787
0,322,388
1,133,896
1,248,227
1,213,981
1,26,714
0,549,294
1,798,986
1,963,137
1,721,976
1,423,862
1,574,879
1,403,498
1,114,824
1,100,264
1,17,513
0,567,467
1,840,969
1,453,599
0,829,205
0,466,434
1,737,812
0,685,408
0,303,185
1,389,500
1,287,836
1,114,66
1,193,932
1,254,578
1,203,534
0,702,308
1,893,40
0,702,444
1,755,870
1,19,298
1,265,753
1,15,89
0,437,269
1,552,811
1,206,516
1,76,0
1,249,798
1,349,361
0,371,207
1,277,877
0,693,224
0,421,365
0,691,451
1,488,797
1,1,747
0,273,178
0,717,347
1,173,759
0,552,32
1,26,325
1,118,77
1,128,605
0,656,663
0,198,106
0,731,387
1,369,876
0,414,371
1,838,750
1,184,659
0,704,329
1,927,949
1,691,984
1,239,468
1,765,917
1,371,679
1,932,110
0,883,464
1,478,543
0,628,284
0,559,247
0,320,502
1,842,763
0,952,724
0,897,203
0,550,661
1,261,737
1,223,323
0,475,2
1,143,435
1,777,991
1,5,668
0,627,696
0,615,514
0,784,570
1,677,693
0,452,570
0,735,696
1,160,33
1,826,996
1,86,29
1,195,533
0,520,86
0,571,238
0,341,123
0,879,281
1,233,721
1,384,981
1,80,571
1,942,21
1,135,957
1,307,558
1,67,16
1,400,756
0,730,467
1,70,328
0,924,567
1,818,954
0,323,371
0,348,7
0,278,199
0,371,83
1,888,139
0,779,500
1,359,841
1,537,711
1,10,682
0,755,6
1,56,317
0,568,8
0,668,375
0,401,389
0,440,218
1,694,965
1,129,264
0,835,691
1,154,621
0,742,409
0,794,297
1,105,362
1,802,828
1,311,729
1,840,710
1,85,689
1,25,94
1,859,823
0,416,393
1,283,771
1,366,943
1,402,606
0,246,46
0,858,635
1,322,859
1,588,892
0,521,479
1,757,940
1,576,871
0,791,500
1,273,911
1,548,982
1,809,967
1,201,752
1,250,598
1,244,472
1,73,757
1,867,828
0,407,44
0,686,342
0,465,196
1,252,898
0,640,369
1,377,978
0,631,35
0,915,695
1,756,752
1,628,903
0,529,249
1,20,126
1,8,353
1,438,729
0,343,400
1,838,868
0,481,519
0,950,666
0,568,401
1,93,415
0,477,410
0,565,65
0,650,533
0,628,101
0,831,149
1,164,493
0,658,385
0,544,530
0,799,159
0,962,522
1,983,179
1,52,836
0,486,424
0,177,81
0,586,40
1,578,922
1,289,818
0,763,266
0,420,237
1,109,422
1,329,679
0,728,710
1,69,841
0,645,564
1,121,378
0,842,491
1,239,622
1,373,666
1,125,40
1,77,663
1,351,913
1,244,780
0,923,635
1,913,125
1,18,765
1,420,978
1,492,708
1,21,247
1,317,778
1,384,357
0,555,286
1,568,673
1,226,888
0,592,437
0,492,124
1,7,983
1,235,734
1,53,211
1,633,997
0,750,436
0,910,499
0,693,139
1,296,744
1,265,405
0,339,330
0,428,257
1,365,544
1,488,918
0,964,543
1,735,976
0,610,308
0,356,130
1,535,816
1,58,744
1,349,957
1,147,537
1,260,929
1,909,61
0,677,515
1,466,580
1,916,6
1,36,497
1,8,647
1,670,926
0,683,566
1,452,692
0,697,399
1,409,842
0,339,407
0,685,225
1,231,964
0,476,69
1,8,707
1,977,922
1,162,618
0,450,235
1,864,76
1,699,753
1,98,586
1,115,241
0,775,395
1,269,967
0,434,11
1,171,93
0,406,319
1,172,766
0,781,55
1,116,213
1,399,957
1,889,133
1,3,52
1,349,520
0,515,506
0,505,592
1,145,561
0,652,166
1,515,943
1,833,940
0,609,365
0,690,29
1,594,816
0,881,335
1,749,787
1,444,849
0,760,537
1,667,725
0,719,588
0,960,293
1,303,684
1,12,115
1,297,552
0,822,368
1,897,716
0,781,214
0,909,535
1,858,50
0,341,467
1,164,717
1,115,294
0,312,299
0,837,615
0,936,755
0,396,475
0,963,228
1,513,877
0,214,348
1,517,855
1,33,174
1,390,989
1,141,337
0,813,436
0,204,105
1,92,528
0,500,31
1,207,307
1,167,388
0,567,544
1,944,880
1,119,319
0,428,99
0,592,439
0,922,677
1,477,776
0,422,87
1,937,947
1,10,819
1,567,809
0,596,7
1,625,980
1,857,854
1,37,288
1,469,844
1,206,893
1,887,167
1,412,617
1,93,88
0,513,176
1,106,871
1,318,603
1,862,61
1,91,179
0,843,775
1,795,721
0,228,80
0,652,603
1,77,55
0,257,382
0,491,149
1,504,826
1,237,94
0,386,161
0,857,226
0,240,350
1,920,858
1,197,365
1,15,827
1,411,726
1,351,581
0,765,683
0,863,672
1,15,859
0,679,598
0,519,423
1,178,650
0,740,496
0,804,11
1,100,65
1,301,791
1,587,691
1,585,983
0,876,710
0,582,11
1,895,844
1,444,690
0,452,53
1,94,320
0,444,113
1,495,981
1,32,468
1,178,345
1,53,622
1,276,777
1,403,814
1,836,971
1,787,857
0,294,134
1,245,684
1,65,469
1,103,255
1,430,980
1,425,954
1,144,599
1,395,980
1,395,576
1,440,549
1,627,802
1,374,735
1,397,714
0,457,119
1,65,820
1,267,334
1,940,193
1,171,171
1,899,855
1,92,385
0,252,234
0,757,301
1,651,750
0,953,603
1,449,772
1,249,806
0,549,559
1,153,802
1,256,995
0,715,125
0,348,345
1,453,981
0,339,518
1,175,925
0,743,560
1,54,957
0,698,370
1,175,444
1,282,777
1,190,864
0,753,120
0,980,246
0,736,620
1,157,817
0,633,326
0,931,381
1,877,943
1,27,404
1,61,225
0,877,600
1,375,914
1,342,644
1,867,997
1,676,978
1,128,766
1,80,144
0,967,676
1,60,361
1,818,889
1,888,941
1,326,525
0,863,597
1,219,955
1,38,54
0,647,698
1,517,792
1,4,251
0,629,564
1,398,644
0,726,380
1,211,461
0,580,274
1,609,760
1,574,921
0,497,228
0,332,36
1,506,811
1,900,815
1,13,191
1,829,721
0,932,536
1,950,120
0,692,609
1,347,660
1,898,732
1,348,610
1,238,595
1,102,748
0,943,435
1,378,472
1,180,234
1,21,625
0,600,522
1,746,888
0,287,323
1,483,707
0,297,100
1,710,664
0,591,32
1,631,932
1,825,729
1,385,882
0,655,233
0,851,463
1,467,596
1,49,740
1,743,850
1,858,756
0,929,222
1,113,478
0,446,560
1,147,671
1,399,693
0,794,701
0,769,235
0,685,136
0,566,431
0,907,284
1,523,725
1,123,207
1,824,926
0,642,657
1,537,778
1,151,150
0,163,117
1,762,833
1,857,901
1,139,510
1,529,687
1,169,608
1,27,730
1,412,654
0,452,435
1,778,893
1,132,301
0,985,245
1,227,145
1,763,928
1,354,692
1,543,977
0,615,195
0,927,383
0,913,294
1,86,31
1,371,878
1,109,755
0,736,461
0,648,166
0,441,36
1,66,213
0,918,537
1,621,815
1,907,924
0,810,182
0,452,85
1,162,359
1,376,744
0,491,323
0,723,338
1,574,761
1,394,812
1,927,720
0,751,741
1,376,475
0,480,272
1,411,595
0,634,361
1,204,485
1,238,328
0,353,225
1,667,810
0,939,290
1,94,739
0,354,333
0,789,142
1,923,827
1,233,420
1,931,60
1,696,976
1,20,897
1,124,159
1,339,949
0,903,387
1,896,841
1,639,977
1,953,89
0,383,406
1,509,689
1,221,970
1,348,833
1,795,843
0,577,185
0,583,23
1,192,21
0,546,518
1,94,402
0,948,31
1,271,660
1,132,182
1,303,562
1,831,916
0,448,240
1,10,529
1,213,406
0,428,615
1,220,928
0,372,440
1,982,102
1,943,969
1,314,940
0,214,285
0,474,283
0,475,621
1,447,710
0,432,604
1,160,610
0,773,532
0,852,564
1,65,137
0,913,542
0,499,604
1,238,931
1,483,728
1,478,533
1,30,312
0,655,458
1,495,815
1,89,933
1,8,245
0,531,382
1,877,855
1,45,961
1,181,63
1,903,81
0,573,557
1,677,788
1,86,217
0,821,669
0,799,499
1,967,178
0,278,175
1,59,746
1,51,104
0,436,394
0,477,99
1,325,912
0,950,710
0,490,102
1,430,645
0,711,423
1,696,880
0,286,184
1,805,825
1,446,885
0,959,369
0,932,619
0,860,663
1,600,724
1,11,668
0,784,695
0,714,666
1,152,318
1,123,477
1,541,759
1,771,853
0,786,587
0,855,664
0,610,524
0,693,215
0,331,350
1,71,193
0,960,520
0,378,67
1,787,937
0,987,278
0,640,537
1,188,493
1,425,764
0,814,410
1,158,709
1,942,916
0,543,591
0,349,40
0,235,75
0,998,623
1,430,740
1,383,921
0,307,142
1,841,898
1,70,83
1,764,886
1,227,442
1,138,500
1,419,687
1,303,588
1,249,788
0,742,690
0,990,642
1,294,675
1,27,14
0,721,426
0,437,553
0,438,59
0,640,393
1,973,9
0,312,185
1,339,925
1,69,637
1,538,790
0,418,356
0,546,122
1,387,782
1,5,611
1,175,755
1,147,249
0,970,327
0,929,426
1,425,958
0,945,180
1,973,104
1,214,355
0,795,582
0,551,498
1,82,975
1,764,751
1,838,55
1,89,458
1,177,347
0,509,620
1,6,46
1,100,645
1,99,147
0,697,243
1,85,67
1,518,944
1,614,837
1,162,204
1,147,563
1,34,459
0,495,239
0,372,223
1,91,553
1,290,867
1,893,991
0,509,373
1,280,597
1,421,918
0,160,13
1,164,249
1,201,608
1,842,81
0,796,341
0,336,96
1,556,704
0,957,713
1,753,752
0,815,263
1,81,845
0,789,362
0,826,385
0,719,38
0,945,271
1,70,630
0,966,347
0,692,61
0,680,554
1,806,787
1,292,559
0,664,390
0,641,358
1,890,904
1,111,111
1,62,441
1,309,932
0,588,174
0,858,4
0,610,504
0,494,167
1,39,739
0,698,584
0,545,175
0,997,466
1,608,759
0,872,702
0,268,15
0,748,261
0,578,142
1,386,869
1,285,821
1,222,508
0,473,477
1,782,870
0,318,179
0,374,47
1,343,940
1,918,12
0,250,86
0,691,302
0,438,427
1,405,762
1,202,626
0,482,566
1,997,7
1,2,991
1,407,974
1,184,202
0,813,165
1,512,718
0,927,501
1,348,815
1,687,994
1,222,181
1,72,269
1,8,734
1,893,951
1,612,961
0,907,654
0,775,589
0,632,303
0,651,621
1,188,536
1,821,856
0,864,374
1,96,97
0,814,397
1,472,896
1,27,883
1,884,968
1,860,946
1,224,451
0,479,327
1,731,910
1,302,555
1,762,948
0,679,168
1,911,32
1,514,993
0,812,254
1,929,885
0,975,309
0,980,484
1,409,567
1,221,206
0,729,414
0,419,19
0,292,194
1,929,816
1,4,960
1,132,622
1,236,721
0,133,56
0,596,225
1,891,102
0,370,61
0,875,352
0,277,197
1,724,993
1,410,792
1,232,671
1,304,701
1,410,658
0,434,256
0,304,47
0,439,273
1,573,756
0,905,285
1,25,642
0,811,213
1,168,49
0,759,716
1,439,636
0,451,470
0,898,139
1,384,804
0,776,92
0,565,58
0,583,597
0,533,95
1,926,919
1,596,927
0,610,551
0,663,572
1,102,759
1,17,472
1,563,710
1,679,962
0,925,541
1,286,691
1,311,937
0,632,478
1,18,239
0,717,29
0,808,720
1,216,607
1,393,792
0,876,248
0,635,685
0,435,449
0,435,338
1,785,988
0,554,224
0,902,469
1,160,556
0,855,225
1,693,844
1,611,835
0,960,756
1,530,700
0,883,761
1,34,537
0,527,493
0,279,49
0,666,622
1,97,585
1,795,850
1,916,181
0,654,722
0,253,19
0,667,450
1,66,706
1,790,722
0,612,203
1,156,989
0,791,298
0,542,89
0,758,49
1,108,805
0,134,29
1,203,584
0,173,168
1,151,625
0,520,51
0,992,340
1,121,450
1,568,950
0,550,127
0,553,646
1,213,585
0,819,92
0,500,631
0,897,636
1,82,594
0,991,309
0,690,381
1,207,379
0,680,103
0,271,251
0,794,77
0,704,328
0,606,70
1,126,936
1,545,994
1,32,51
0,862,641
1,676,780
1,192,872
1,874,919
1,512,770
0,622,494
1,504,935
1,12,982
0,353,62
1,128,256
1,938,931
1,204,970
1,458,648
1,64,71
1,98,350
1,386,707
1,164,458
1,810,971
1,855,859
1,943,192
1,167,106
1,978,917
0,544,174
0,867,714
1,945,878
0,372,24
1,174,176
1,335,819
0,958,358
1,516,828
0,689,188
0,918,341
0,514,337
1,137,572
0,567,114
1,778,824
0,794,298
1,99,668
1,958,203
1,252,995
0,519,680
0,618,423
0,817,590
0,629,191
0,905,586
0,245,175
1,756,958
0,688,9
0,943,317
1,481,824
1,740,868
1,196,118
0,743,394
1,15,179
1,106,467
0,402,143
1,846,870
0,753,198
1,847,885
0,764,241
1,39,142
0,705,157
1,250,916
1,12,81
1,637,941
1,909,40
0,662,63
1,289,582
1,418,725
1,129,978
1,596,716
1,592,798
1,58,927
0,367,229
0,202,95
0,587,505
1,191,682
1,107,733
1,206,808
1,870,47
1,124,888
1,62,871
1,42,384
0,959,473
1,823,888
1,191,538
1,498,815
1,722,815
1,80,531
1,707,991
1,921,744
0,777,183
1,987,126
1,542,888
0,657,192
1,79,487
1,265,786
0,877,782
1,145,271
1,174,830
0,405,525
0,429,311
0,242,255
0,868,360
1,99,932
0,750,214
1,835,93
1,11,360
0,949,497
1,200,445
1,410,937
1,262,634
1,114,11
0,706,527
1,337,924
1,761,954
1,654,964
1,233,416
1,273,362
1,994,142
0,814,147
1,553,829
1,103,210
1,860,860
1,468,883
1,117,895
1,905,130
1,241,331
1,849,805
0,675,234
1,434,785
0,812,270
1,1,14
1,164,258
1,380,909
0,916,267
0,502,96
0,595,67
1,235,377
1,832,929
0,585,387
1,1,305
0,528,402
1,239,541
1,698,973
0,869,490
0,386,436
0,580,253
1,133,377
1,29,960
0,991,259
0,649,48
0,345,433
1,477,806
1,53,517
1,67,115
0,736,489
0,745,573
0,832,254
1,13,450
0,478,73
0,597,492
1,4,188
0,505,379
1,576,740
0,515,391
1,45,997
1,51,89
1,172,873
1,129,899
1,46,991
1,291,596
1,181,807
0,412,33
1,221,807
0,491,588
0,990,617
0,698,322
0,776,201
0,819,458
0,696,597
1,61,398
0,773,176
1,897,855
0,917,592
1,506,785
1,866,920
1,617,946
1,846,708
1,459,840
0,266,203
1,899,678
1,158,780
1,99,509
1,822,729
0,746,589
1,112,115
1,118,276
0,392,554
1,772,819
1,140,326
0,592,465
1,57,38
1,121,132
1,459,713
1,165,394
1,263,963
0,646,698
0,571,145
0,844,593
0,350,297
1,2,795
0,645,553
1,453,594
1,239,531
1,752,798
0,709,80
0,895,480
1,97,644
0,197,142
0,869,553
0,512,523
1,442,924
1,549,826
1,969,890
0,661,387
0,997,427
1,173,900
0,807,243
0,252,12
1,546,716
0,952,467
1,956,946
0,932,423
1,210,854
1,971,57
0,953,348
1,387,938
1,873,846
0,744,21
0,815,705
1,960,993
0,626,632
1,244,679
0,975,523
1,460,769
0,248,148
1,969,141
1,472,941
0,284,168
0,792,512
0,367,68
0,745,310
0,625,209
1,230,242
1,849,183
1,37,933
0,767,602
0,455,41
0,653,346
0,857,684
1,857,747
1,314,925
0,735,11
1,995,927
0,711,108
0,962,242
1,973,103
0,993,616
0,748,723
1,782,869
1,840,744
1,192,520
1,439,913
1,998,973
0,692,67
0,515,582
1,461,940
0,646,107
1,616,858
1,951,778
0,805,641
1,875,875
1,364,724
0,614,7
0,828,592
1,899,947
0,504,602
1,243,925
0,646,70
1,293,586
1,45,766
1,629,867
0,847,650
1,583,819
1,619,947
0,955,240
1,84,225
1,822,750
1,188,285
1,25,472
1,302,731
1,157,475
1,950,876
1,712,800
0,412,115
0,624,786
0,536,523
0,705,35
1,810,871
1,197,985
0,596,637
0,685,131
0,516,175
0,534,571
1,98,855
0,329,120
0,974,224
0,681,485
1,105,50
0,842,393
1,413,744
0,427,111
0,607,366
0,981,465
1,293,330
1,170,702
1,146,191
1,276,357
0,374,176
0,591,271
0,358,199
0,398,300
1,841,96
1,373,742
0,873,401
1,144,950
1,151,672
1,950,755
1,224,333
1,559,800
1,82,577
0,390,5
0,681,84
0,622,68
1,499,942
1,201,575
1,812,847
0,889,221
1,923,8
1,727,789
0,701,183
0,555,435
1,139,843
1,726,819
1,243,905
1,421,636
1,450,815
0,434,538
0,850,546
1,807,875
1,799,947
1,435,713
1,69,246
1,6,889
1,733,950
0,906,543
0,853,294
0,983,238
1,122,919
1,803,840
1,16,704
1,738,919
1,61,133
0,922,628
1,2,93
0,747,433
0,440,471
0,338,58
0,913,408
1,734,800
1,99,997
0,634,426
1,228,543
0,935,247
0,585,543
0,319,133
0,657,617
1,585,989
1,56,987
0,475,306
0,633,679
0,523,40
1,134,237
0,154,102
0,890,6
0,252,269
1,464,578
0,886,646
0,999,572
1,135,937
1,715,953
1,48,757
1,992,162
1,930,956
0,755,210
0,440,425
1,422,697
1,941,711
0,880,321
1,183,240
1,511,567
0,936,415
1,971,137
0,525,659
1,301,837
0,844,210
1,11,686
1,306,847
1,219,224
1,101,126
1,472,921
0,425,249
0,964,347
1,501,827
0,559,70
1,975,149
1,41,170
0,884,513
0,823,391
1,545,836
1,847,19
0,419,34
1,13,536
1,63,543
0,912,259
0,921,671
1,385,919
1,328,795
0,651,218
0,777,262
1,559,819
0,475,436
0,958,222
0,784,753
1,871,911
1,71,820
1,63,204
1,865,9
1,453,537
0,512,306
0,542,155
0,800,574
1,205,810
0,414,372
0,745,84
0,721,2
1,974,852
1,18,390
1,867,921
1,863,842
0,355,347
0,988,578
0,703,193
0,572,169
1,224,218
0,430,107
0,837,268
1,340,663
0,221,150
0,964,663
1,911,884
1,104,111
1,764,878
1,374,355
0,754,669
1,188,933
1,142,319
1,120,878
1,137,245
1,195,313
1,275,836
1,15,744
1,103,151
0,741,65
0,965,569
1,379,929
0,839,248
0,812,361
1,63,484
1,321,893
0,818,302
0,474,101
0,480,29
0,525,684
0,427,416
0,431,482
0,362,52
0,654,231
0,551,512
0,696,251
1,769,842
1,865,920
1,7,334
0,434,447
0,762,256
0,591,553
1,849,724
0,707,195
0,857,268
1,49,86
0,816,356
0,642,458
0,879,439
1,304,776
1,828,851
0,748,606
1,122,372
0,312,489
0,554,271
0,288,397
1,141,791
1,232,465
0,550,119
1,148,280
0,640,481
0,870,316
1,265,483
1,162,730
0,818,264
1,895,117
1,321,424
0,956,567
1,39,61
0,240,84
0,639,47
1,740,732
1,445,628
0,798,403
1,832,63
0,663,15
1,482,822
1,181,237
0,759,487
1,419,643
0,337,486
1,634,848
0,618,579
1,179,428
1,329,805
0,737,308
1,171,837
1,407,612
1,319,530
1,992,841
0,938,666
0,479,222
1,134,345
1,641,880
1,64,63
0,518,169
1,856,82
0,564,566
0,567,664
0,841,562
1,91,759
1,269,930
0,459,430
1,667,686
0,702,628
0,754,190
1,84,425
0,758,21
1,65,183
1,119,619
1,738,818
1,69,150
1,222,893
1,274,644
1,385,764
1,58,791
1,892,919
0,772,620
0,658,572
1,459,871
0,472,498
0,985,402
0,320,379
1,690,952
1,906,110
1,536,697
1,401,695
0,776,258
1,107,551
1,204,952
1,160,341
1,667,863
0,374,135
0,431,430
1,288,692
1,337,722
0,707,339
1,327,784
0,603,565
1,363,855
0,499,70
1,178,815
1,169,112
0,655,387
1,153,266
0,603,256
1,683,848
1,951,912
1,434,710
0,748,402
0,649,463
1,135,778
1,612,929
1,816,796
0,439,113
0,914,663
0,754,74
0,970,397
0,594,327
0,551,145
0,959,315
1,193,354
1,9,496
0,614,413
0,687,421
1,681,940
1,544,691
1,984,934
1,141,110
0,557,377
0,719,142
0,812,587
1,849,138
1,803,718
0,477,215
1,910,781
0,975,406
1,723,914
1,311,923
0,413,98
0,555,547
1,119,609
1,778,896
0,463,538
1,179,512
1,24,288
1,305,720
0,637,61
0,562,418
0,492,374
0,473,547
1,340,356
1,966,960
1,960,907
0,992,19
1,814,875
1,968,64
0,231,127
1,229,281
0,863,582
1,82,637
0,858,388
1,233,243
0,716,531
1,809,898
1,841,18
1,876,801
1,796,872
0,741,168
1,151,67
1,881,946
0,686,422
0,937,639
0,714,505
0,560,299
0,418,116
1,106,615
1,927,84
1,529,628
0,482,292
1,534,616
0,621,132
1,657,999
0,920,647
1,106,108
0,796,696
0,531,679
1,908,865
1,91,825
0,472,161
1,239,649
0,776,346
1,83,243
0,728,498
0,807,549
0,458,541
1,666,895
0,603,316
0,574,457
1,391,932
0,956,586
0,719,19
1,883,934
1,43,733
1,212,874
1,616,862
1,223,491
0,689,314
1,62,800
1,322,780
0,757,787
0,366,135
0,890,438
1,147,371
0,810,735
0,466,400
1,282,911
0,986,605
1,254,413
1,945,823
1,369,994
0,520,336
1,387,728
0,637,510
0,859,486
1,269,565
0,799,589
0,524,443
0,387,289
1,82,673
0,494,116
1,773,963
1,830,136
0,885,387
1,826,948
1,303,702
0,697,291
0,476,510
1,10,232
1,275,679
0,738,309
0,739,553
1,24,723
0,641,684
1,186,236
1,108,419
0,778,42
1,278,637
1,636,951
1,36,166
1,188,3
1,205,315
0,552,163
1,971,877
0,791,156
0,763,109
0,421,463
0,756,52
0,445,215
1,767,885
1,145,913
1,231,578
1,145,324
1,98,279
1,706,766
1,644,924
0,890,225
1,974,782
1,64,128
0,614,490
0,639,417
0,590,36
1,634,912
0,577,157
0,502,246
1,571,811
0,703,45
0,720,663
1,848,707
0,663,492
1,155,213
0,543,154
0,816,297
1,611,942
0,401,530
1,70,195
0,547,393
1,413,877
0,536,409
0,322,4
0,436,44
0,641,83
1,82,201
0,874,275
1,442,644
1,424,956
0,670,386
1,553,815
0,727,176
1,160,774
0,648,559
1,577,746
1,950,160
1,180,943
0,225,45
0,409,229
0,665,450
1,631,748
0,441,275
1,16,946
1,229,683
1,160,812
0,513,20
0,883,220
1,906,38
1,410,997
1,527,902
1,482,949
1,81,432
1,887,758
0,708,609
1,582,986
1,86,694
1,110,667
1,957,65
1,709,879
0,645,275
1,164,984
1,54,513
1,586,880
0,526,406
0,883,444
1,976,208
0,850,382
0,815,88
0,582,387
1,935,828
1,38,903
0,371,415
1,437,620
0,673,368
0,274,239
0,648,626
0,310,317
1,953,846
1,873,838
1,117,864
1,331,964
0,286,398
0,514,510
0,726,505
0,747,77
0,795,436
1,758,855
0,694,611
1,216,704
1,457,840
1,716,784
0,925,320
0,737,542
0,856,564
1,251,275
0,307,202
1,325,361
1,352,359
1,987,888
1,927,807
0,980,299
0,468,413
0,263,13
1,483,732
1,20,396
1,503,712
0,370,321
0,642,152
1,733,951
1,131,497
0,279,55
0,332,235
1,472,867
1,398,692
0,519,156
1,174,308
0,632,128
1,559,745
1,766,839
0,603,605
1,128,699
0,417,196
0,607,620
0,575,390
1,731,861
1,85,966
0,458,70
1,16,189
0,926,250
1,382,914
0,745,500
0,798,574
0,752,703
0,651,138
1,901,744
0,618,171
0,895,594
0,503,227
1,975,956
1,143,976
0,368,442
1,185,493
1,211,713
1,151,619
0,909,563
1,377,771
0,836,733
0,463,85
1,115,960
1,324,631
1,77,777
1,719,771
1,24,859
0,926,540
1,177,339
1,69,526
1,90,693
0,725,191
0,397,301
0,641,65
1,42,669
0,966,227
0,978,264
0,737,443
1,240,198
0,662,285
0,790,697
1,447,949
1,182,715
0,398,560
1,963,815
1,881,725
1,33,691
0,907,535
1,567,953
1,531,751
1,901,11
1,282,492
0,205,131
0,509,396
1,9,989
1,926,999
1,414,643
1,306,737
1,35,201
1,130,851
1,612,906
0,753,318
0,336,386
1,873,121
1,31,102
1,456,647
0,840,225
1,43,681
0,560,77
1,964,210
1,27,515
1,137,877
0,804,384
1,300,977
0,731,407
1,534,680
1,85,701
1,456,533
1,254,719
1,985,182
0,634,12
1,212,860
1,979,817
0,543,616
0,672,2
1,35,253
0,858,588
1,158,386
1,286,730
1,992,52
0,932,618
0,840,475
1,332,923
0,558,478
1,602,752
1,166,423
0,729,272
0,881,270
0,858,684
1,690,977
1,848,878
0,509,194
0,389,168
1,268,541
1,464,792
1,102,288
1,709,829
0,777,486
1,899,707
1,197,855
1,522,809
0,847,378
0,993,520
1,158,441
0,335,348
0,324,77
0,939,370
1,165,226
0,597,456
1,527,819
1,200,802
1,921,162
0,509,189
0,732,453
1,885,967
1,817,69
0,664,162
1,836,815
0,653,271
0,643,657
1,805,812
1,465,635
1,191,831
1,486,946
0,405,67
0,459,479
1,290,949
1,902,36
0,463,562
1,176,834
1,876,737
1,396,777
1,831,903
1,985,187
0,844,388
1,819,929
1,364,868
1,2,647
0,288,141
0,201,99
0,262,59
1,174,481
0,796,51
0,289,155
1,103,660
1,870,916
1,760,943
0,956,216
1,392,578
1,172,633
1,342,363
1,343,790
1,85,865
1,74,692
0,607,677
0,483,107
0,941,273
0,968,350
0,960,655
1,187,813
1,339,447
1,83,303
1,428,706
0,533,278
0,868,548
0,464,281
1,970,982
0,430,90
0,500,6
1,33,671
0,405,140
1,262,784
1,720,971
0,375,301
0,748,153
0,797,696
1,545,854
0,630,436
0,521,148
0,770,283
1,136,518
0,607,129
0,877,264
1,835,948
1,449,738
0,326,235
1,838,870
1,199,209
0,994,558
0,425,46
0,403,466
1,986,957
1,187,566
0,664,153
1,65,679
1,248,664
0,994,521
0,389,185
0,787,359
1,239,420
0,906,336
1,965,187
1,347,677
0,558,301
1,95,470
1,816,767
1,468,951
1,52,247
1,409,921
0,822,193
1,878,822
0,306,115
1,8,499
0,419,80
1,982,840
0,528,72
0,615,104
1,32,342
1,425,972
1,151,357
1,81,766
1,105,482
1,762,780
1,181,806
0,225,350
1,754,846
1,467,623
1,45,288
0,552,553
1,438,889
1,596,941
1,191,546
0,485,370
0,416,163
1,854,143
0,567,340
0,249,200
1,133,865
0,340,195
1,619,791
0,979,512
1,391,689
0,225,61
0,429,5
1,54,621
0,821,85
1,112,966
0,822,471
1,842,53
0,309,255
1,518,918
1,236,198
1,450,888
1,835,840
0,782,596
1,353,727
0,746,65
1,367,714
1,598,726
1,259,501
1,72,881
0,526,213
1,596,700
1,458,959
0,862,731
0,683,200
0,871,571
0,788,254
0,436,302
1,261,904
0,237,355
1,360,616
1,970,873
1,327,920
0,856,660
0,540,185
1,305,947
1,307,934
0,663,628
1,454,957
1,348,761
1,85,820
1,119,258
0,355,118
0,994,518
1,241,802
1,47,481
1,511,812
0,661,647
1,591,858
1,103,865
1,583,782
1,25,282
0,438,481
0,683,450
0,368,304
1,11,300
1,128,618
1,28,58
0,540,172
1,171,986
1,913,747
1,157,116
1,444,884
0,547,122
1,193,198
0,698,269
1,350,870
1,853,86
1,364,655
0,777,65
1,850,893
0,402,367
1,202,897
1,194,459
1,972,154
0,992,576
0,822,79
1,68,496
0,418,295
0,589,164
0,296,320
1,148,678
1,314,835
1,98,884
1,108,299
1,65,105
1,246,748
0,517,514
1,929,57
0,606,16
0,576,107
0,396,582
0,342,323
1,430,689
1,175,539
0,495,480
1,90,973
1,35,659
1,790,846
0,669,607
1,877,734
1,175,750
1,963,900
0,858,626
1,73,436
1,37,33
0,694,456
1,86,396
0,758,282
1,376,971
0,469,596
1,182,733
0,338,334
1,643,745
0,914,516
1,70,420
1,359,642
1,54,506
1,287,697
0,308,393
0,838,553
1,378,617
1,34,883
1,339,360
0,417,79
1,617,735
1,791,877
0,293,139
1,214,949
0,731,512
0,808,101
1,1,369
1,520,914
0,861,220
1,138,732
0,386,90
0,685,341
0,289,43
1,22,819
0,644,729
0,370,327
0,906,662
0,635,498
1,181,336
1,648,822
1,385,779
1,101,466
1,85,528
0,655,230
0,510,523
1,558,935
0,592,275
1,684,684
1,358,997
0,562,455
0,609,124
1,110,79
0,554,117
0,400,83
1,109,812
0,563,1
0,635,567
1,249,185
0,398,186
0,353,200
1,738,742
1,160,559
1,965,977
0,402,590
0,707,547
1,10,504
1,455,779
0,233,0
0,497,325
1,728,944
1,148,582
1,66,461
1,496,907
1,867,158
1,141,173
1,323,711
1,171,388
1,124,656
0,807,341
1,898,53
1,838,158
1,523,911
1,322,970
0,585,273
1,723,816
0,463,433
1,69,91
1,989,889
1,113,416
1,791,968
0,828,473
0,483,456
1,60,169
0,620,138
0,297,153
1,60,323
0,368,69
1,627,851
1,870,810
0,401,57
0,801,307
1,471,635
1,106,65
1,78,119
0,758,439
1,290,500
0,967,432
0,559,253
1,180,844
0,277,342
0,750,7
0,960,760
1,311,638
0,470,143
1,532,776
0,844,363
1,179,849
1,933,44
1,270,619
0,688,688
1,323,888
0,587,461
0,797,220
1,117,204
1,507,909
1,538,857
0,545,246
1,324,567
0,747,383
0,618,253
1,927,725
0,287,300
1,734,909
1,502,565
0,972,522
1,246,954
0,426,576
0,600,483
1,384,931
1,329,920
0,534,486
1,440,732
1,530,915
0,573,426
1,669,948
1,270,585
1,425,992
0,916,404
1,476,992
1,628,884
1,816,753
1,128,865
0,247,218
0,745,124
1,984,179
0,704,583
1,28,775
1,662,714
0,677,199
1,477,577
0,821,219
1,216,918
0,695,288
1,221,277
1,705,924
1,447,655
1,86,797
0,704,419
1,735,825
0,723,636
1,11,476
1,613,747
0,171,113
0,730,621
1,344,455
0,782,337
1,100,797
1,188,305
0,687,692
1,690,767
1,348,781
1,102,887
0,714,274
0,668,56
1,245,936
1,706,967
0,634,148
0,769,216
0,530,32
1,754,890
1,223,21
0,424,198
1,418,758
0,456,298
1,120,705
0,560,543
1,962,51
1,903,51
1,911,82
0,688,69
1,827,92
0,496,287
1,813,919
0,593,186
1,190,940
1,74,797
1,443,648
1,719,922
0,382,426
1,252,564
1,972,795
0,835,218
0,390,378
0,445,110
1,108,143
1,216,512
1,71,190
1,69,389
0,672,574
0,721,466
1,223,176
1,819,61
1,105,747
0,531,448
1,535,564
0,859,239
0,984,248
0,412,120
1,397,814
0,547,120
0,815,690
0,687,352
1,861,958
1,414,622
1,650,741
1,266,339
1,280,683
0,650,143
1,199,654
0,500,313
0,719,619
1,552,709
0,290,442
1,158,991
1,39,466
0,515,131
1,7,291
1,734,790
1,241,888
1,886,62
1,864,782
1,167,159
1,112,877
1,956,752
0,501,269
1,429,926
0,413,252
1,891,874
1,919,7
1,137,806
1,947,722
1,108,630
0,951,711
1,878,823
0,462,363
0,398,336
1,274,428
0,981,327
0,278,17
0,612,460
1,325,858
0,631,612
0,828,198
0,816,441
0,549,419
0,952,302
1,90,817
1,114,242
0,500,613
1,350,671
1,328,765
1,711,910
0,596,629
1,361,572
0,842,194
0,839,543
0,914,550
1,730,904
1,789,726
0,471,483
0,255,292
1,732,783
0,817,625
1,151,697
0,678,134
1,776,994
1,31,525
0,775,361
0,456,503
1,71,975
1,418,971
1,116,404
0,728,76
1,353,561
1,692,784
0,650,256
0,581,20
1,378,608
1,117,320
1,318,918
0,720,647
0,603,366
0,544,294
0,780,566
0,838,689
0,659,233
0,484,493
0,483,28
0,544,249
0,331,314
1,974,5
0,588,59
0,634,722
0,552,256
1,816,769
1,120,143
1,127,286
0,656,433
1,869,892
1,157,495
0,704,452
1,204,874
1,78,467
1,353,718
1,273,608
1,831,969
0,295,81
1,435,853
0,681,600
1,616,981
1,367,562
1,111,816
0,694,519
1,406,975
1,175,129
1,912,17
1,289,877
0,775,62
1,5,898
1,50,177
0,952,629
0,333,298
0,634,207
1,162,172
1,200,831
0,538,220
1,206,768
1,909,183
1,710,827
1,148,717
0,821,347
1,174,25
1,591,652
0,550,508
1,112,66
1,550,860
0,339,18
0,349,292
0,880,448
0,686,72
0,886,740
0,611,554
1,335,531
0,715,705
0,395,429
1,179,623
1,213,644
0,538,37
0,433,193
0,374,146
0,838,641
0,618,658
1,523,647
0,808,46
0,963,256
0,822,284
1,129,71
1,68,79
1,965,878
1,319,853
0,503,27
0,807,305
1,398,926
1,737,884
1,125,105
1,430,653
0,505,157
0,408,467
1,161,287
1,321,710
1,7,800
0,359,601
1,211,604
0,482,428
0,815,200
1,449,637
1,822,62
1,271,682
0,968,552
1,550,597
0,496,314
1,779,852
1,69,794
0,862,274
1,959,992
1,115,477
0,327,477
0,618,325
1,801,786
1,163,381
0,297,54
1,930,20
1,157,170
0,843,281
1,888,977
1,362,715
1,509,737
1,888,833
1,247,741
1,994,46
1,353,852
1,423,969
1,71,318
1,863,806
1,187,634
0,349,20
0,560,357
1,16,347
0,258,94
0,466,19
0,310,276
0,724,290
0,310,142
1,359,716
0,829,635
1,38,805
1,901,840
1,799,756
1,81,82
0,286,28
1,149,687
0,760,465
1,700,660
0,305,239
1,255,913
1,2,278
1,220,627
0,710,299
1,308,331
1,270,694
0,903,529
1,416,641
1,301,796
0,755,324
1,482,779
1,208,151
0,512,131
0,783,756
1,286,965
1,876,7
0,567,200
0,967,306
1,143,154
1,534,946
1,75,153
1,102,673
1,170,781
0,606,707
0,876,344
1,280,650
1,947,59
0,988,460
1,185,954
1,229,719
0,539,25
1,439,939
0,800,174
0,782,193
0,731,497
1,47,925
1,679,938
0,532,508
1,483,791
0,522,60
1,249,231
0,735,81
1,955,767
1,86,344
0,655,773
1,236,616
1,226,566
1,242,815
1,474,686
1,25,75
1,773,673
1,35,643
1,384,991
1,272,942
0,624,753
1,526,869
0,478,257
1,703,796
1,60,594
1,747,807
1,184,520
0,294,208
1,101,153
0,450,432
1,760,874
0,380,376
0,376,100
1,20,300
0,400,118
1,121,808
1,241,734
1,113,125
0,710,173
1,281,598
1,393,887
1,310,360
1,622,699
1,784,925
0,471,260
0,886,660
1,526,731
0,820,576
0,723,484
0,344,288
0,431,229
1,377,742
1,898,97
0,686,6
1,171,199
1,209,583
0,260,204
1,235,725
1,213,379
1,490,873
1,722,985
1,862,137
0,763,449
0,302,380
0,602,294
0,822,605
0,971,402
1,123,553
0,629,85
0,950,577
1,66,568
0,560,566
1,19,208
1,116,222
0,615,53
1,104,536
1,947,38
1,369,950
0,759,157
0,902,702
0,723,687
1,820,884
1,332,718
0,287,313
1,916,747
1,133,316
1,926,33
1,223,273
0,957,631
1,510,877
0,552,28
1,317,655
1,265,477
1,538,636
1,700,779
0,749,707
1,179,912
1,133,308
1,129,839
1,743,742
0,993,512
0,403,138
0,615,607
1,317,961
1,176,428
0,628,460
0,882,515
0,903,539
1,80,441
0,617,458
1,270,872
1,90,564
0,979,430
0,968,367
0,906,626
0,433,272
0,701,378
0,444,473
1,19,459
0,664,17
1,41,325
1,791,967
1,825,865
0,488,522
1,909,146
1,854,925
0,825,281
1,916,954
0,788,115
0,665,183
1,158,442
1,252,616
0,834,764
1,89,901
0,837,351
1,235,888
0,641,552
0,442,151
1,779,813
0,446,36
1,521,910
1,327,361
1,204,255
1,163,466
1,302,987
1,83,808
0,678,449
1,38,79
1,96,577
1,315,687
1,332,712
1,260,399
1,72,595
1,710,904
0,709,18
1,2,938
1,604,936
0,623,601
0,516,627
1,943,959
0,262,233
0,728,294
1,9,622
1,136,417
1,512,983
1,995,820
1,96,721
1,205,581
0,379,135
1,214,702
1,916,892
0,912,356
1,750,835
0,644,552
1,193,188
0,577,546
1,144,691
0,586,535
1,474,993
1,432,688
1,6,757
0,361,278
0,536,37
1,3,768
1,216,845
0,407,330
1,498,572
0,707,555
0,976,309
1,59,138
0,478,198
1,723,838
0,665,574
0,815,343
0,687,225
1,133,366
1,35,544
1,781,852
1,812,70
1,493,898
0,278,49
1,29,79
0,417,469
1,817,969
0,704,524
0,674,176
1,913,76
0,602,366
0,610,61
1,172,721
0,586,588
0,986,681
1,779,964
1,157,893
1,696,746
1,147,970
1,87,768
1,84,382
1,20,221
1,114,627
0,545,13
0,433,302
1,342,690
1,210,950
1,50,326
0,740,158
0,708,86
0,404,168
1,459,795
0,320,442
1,744,889
1,479,646
1,325,758
0,322,488
1,50,853
1,945,893
1,900,0
0,568,270
0,571,598
1,801,102
0,602,442
0,763,552
0,471,82
0,636,183
0,326,105
1,352,887
1,61,831
0,795,739
1,394,705
0,990,415
0,675,685
1,551,705
0,650,162
1,86,404
0,279,25
1,360,572
1,562,658
0,863,481
1,70,893
1,401,621
0,916,791
0,614,0
0,616,405
0,413,273
1,387,660
1,119,934
0,273,148
1,547,849
0,622,43
1,864,138
1,241,887
1,45,166
0,714,697
1,560,829
0,621,441
1,901,903
0,693,57
1,665,774
1,76,937
0,895,277
1,623,978
1,653,968
1,959,845
1,213,268
0,625,564
1,224,204
0,287,229
1,124,915
0,618,575
0,319,255
1,965,943
1,976,42
0,513,130
0,505,88
0,550,158
1,15,683
1,307,697
1,253,664
0,552,2
0,978,540
0,238,376
1,127,15
0,300,137
1,9,870
0,249,81
1,883,815
1,50,922
1,540,958
0,335,253
0,412,65
0,531,76
0,700,350
0,645,108
1,968,816
0,542,198
1,274,804
0,811,419
1,600,807
0,923,656
0,283,180
0,939,389
1,972,193
1,66,771
0,737,358
1,204,682
1,90,835
1,108,587
1,912,925
0,845,200
1,197,707
1,139,71
1,603,887
1,136,738
0,277,289
1,838,897
0,835,699
0,397,376
1,696,772
1,537,682
1,326,791
1,386,984
1,235,467
0,891,334
0,683,61
0,281,169
0,307,529
0,646,639
1,260,284
0,318,45
0,912,467
0,635,642
0,297,294
0,840,129
1,352,773
1,240,314
0,995,408
1,946,903
1,125,822
0,666,210
0,236,61
0,549,235
0,774,418
1,572,838
1,190,358
1,685,783
0,763,197
1,117,570
0,751,647
0,821,641
1,143,70
1,620,900
0,461,169
0,852,533
1,75,659
1,227,417
0,727,496
0,506,247
1,19,942
1,331,982
0,319,225
1,408,999
0,884,533
1,422,637
1,836,871
1,309,798
0,639,321
1,694,754
1,130,920
0,716,316
0,325,303
1,498,661
0,652,197
1,86,56
1,119,17
1,243,435
1,6,790
1,716,974
0,882,564
0,368,407
0,399,370
0,839,239
1,269,959
1,295,604
1,82,621
0,592,625
0,987,463
0,662,95
0,327,130
0,683,241
0,128,32
1,360,949
0,408,289
1,93,48
1,418,644
1,927,132
0,670,325
1,859,756
0,813,229
0,778,121
0,934,506
0,809,98
1,164,915
1,879,859
0,324,166
1,163,331
1,901,832
0,943,248
0,704,356
1,449,927
1,103,39
1,344,759
0,695,566
1,595,894
0,469,380
1,36,407
0,382,98
0,635,209
1,414,663
0,430,71
1,665,678
0,250,98
1,629,836
0,740,562
0,424,395
1,775,996
0,468,493
1,211,895
0,516,51
0,259,82
0,975,436
1,902,126
1,133,981
0,770,549
1,30,30
0,911,220
1,507,833
1,59,915
0,950,652
1,456,600
1,575,881
0,255,310
0,427,217
0,509,496
1,247,854
0,230,364
0,898,313
1,149,659
1,347,612
0,721,156
0,454,562
0,896,578
0,642,709
1,925,29
1,478,747
1,41,49
0,517,366
0,520,437
1,372,929
1,496,674
1,212,403
1,330,835
0,895,632
1,575,719
1,398,362
1,167,383
0,307,398
0,931,577
0,592,148
1,57,256
1,119,239
0,507,30
0,523,452
0,354,411
1,407,802
1,374,615
1,33,945
1,513,688
1,152,838
0,418,164
0,785,573
1,177,38
0,404,45
1,194,571
0,261,44
0,513,81
1,14,706
0,864,288
0,576,513
1,149,463
1,990,131
0,823,76
1,171,397
0,908,410
0,732,311
1,101,961
1,753,903
1,345,977
0,207,102
0,608,589
0,719,388
0,290,50
0,318,494
1,64,680
0,568,142
1,554,964
1,366,701
0,401,559
0,269,190
0,469,425
0,855,443
0,761,421
1,909,878
0,465,609
0,363,170
1,859,45
0,764,279
0,417,429
1,770,709
0,702,488
0,732,631
0,603,554
0,895,491
1,444,794
0,601,676
0,933,297
1,89,164
0,905,386
1,985,929
0,731,7
0,871,315
0,667,389
1,543,825
1,84,363
0,342,192
1,678,768
1,248,612
0,893,428
1,513,981
1,110,204
1,40,826
0,951,615
1,19,83
0,621,82
1,73,174
0,832,442
1,119,983
1,389,788
0,239,54
0,787,464
1,366,922
0,377,567
0,380,208
0,496,184
0,679,211
1,830,68
0,798,6
1,740,812
1,967,978
1,759,860
1,204,502
0,580,567
0,969,586
0,862,235
1,445,695
1,400,835
0,649,82
1,235,342
0,807,531
0,970,689
0,938,380
1,81,140
0,780,172
1,694,880
1,368,679
1,682,996
0,924,390
0,913,278
1,47,583
1,577,795
0,972,689
1,815,881
0,573,339
1,4,169
0,969,225
1,110,41
1,659,891
1,10,102
1,76,725
0,889,291
1,364,374
0,228,363
1,371,856
0,833,420
0,788,363
0,668,512
1,858,9
0,973,112
0,651,117
0,794,27
1,410,742
0,913,617
1,820,738
0,296,141
1,224,915
0,951,707
0,820,630
0,417,517
0,419,254
0,913,295
0,600,282
0,294,456
1,974,812
1,81,904
1,44,451
1,182,557
1,109,880
0,587,534
0,565,146
1,107,682
1,259,282
0,318,258
1,513,644
1,820,769
0,204,32
1,73,48
1,120,787
0,664,11
1,48,600
1,602,959
0,993,361
1,66,403
0,599,493
1,112,570
1,451,642
0,927,362
0,575,258
0,677,15
1,129,211
1,108,442
1,602,904
1,684,919
0,765,170
0,457,456
1,383,608
1,204,724
0,409,535
0,669,173
1,308,735
1,251,860
1,460,958
0,983,243
1,165,638
0,865,245
1,365,649
0,951,660
1,301,961
0,531,330
0,299,49
0,881,687
1,834,967
1,116,425
1,92,645
0,461,247
1,199,630
0,751,654
1,316,861
0,366,260
0,805,387
1,924,815
0,844,486
0,694,743
1,376,652
1,466,977
0,355,16
0,787,676
1,579,856
1,117,818
0,452,236
1,920,973
1,49,165
1,975,941
1,858,41
1,792,960
0,765,410
1,23,268
0,689,660
0,335,590
1,546,786
0,561,324
0,586,747
0,559,476
0,858,611
1,58,636
1,214,627
1,910,801
1,155,831
1,270,591
1,412,880
1,702,994
0,555,278
0,334,34
1,299,652
0,998,660
0,460,620
0,802,48
1,654,996
1,21,525
0,668,379
0,866,46
1,58,259
1,8,927
1,132,185
1,794,883
1,212,105
0,900,333
1,206,639
0,793,114
0,956,393
0,828,106
0,735,475
0,643,664
1,525,872
0,676,713
0,282,121
1,636,888
1,504,776
0,885,277
1,717,997
1,30,50
0,342,271
1,169,930
0,205,99
1,333,845
0,962,548
1,211,911
0,890,599
1,272,838
0,566,609
0,958,472
1,266,589
1,683,687
1,54,896
1,316,637
1,84,913
1,923,16
1,16,576
1,812,747
0,421,91
1,556,719
1,224,886
0,569,131
1,994,167
0,808,226
1,281,702
0,850,316
1,559,727
0,546,520
0,358,372
0,650,64
0,670,302
0,745,154
0,337,522
1,216,380
1,859,850
1,733,917
0,477,81
1,9,660
0,733,291
1,402,916
1,155,363
0,368,236
1,137,613
0,900,393
1,156,794
1,699,870
1,24,694
1,366,899
1,420,924
0,624,301
1,195,483
0,458,245
1,447,987
1,877,901
1,154,928
0,641,662
0,574,228
1,224,535
0,855,210
0,980,665
1,108,237
0,637,301
1,340,672
1,659,784
1,196,229
0,607,73
0,653,461
1,136,896
0,984,584
1,490,872
1,220,853
1,165,985
1,177,371
1,98,652
1,170,567
1,876,742
0,967,224
0,933,674
0,889,265
0,292,112
1,554,803
1,867,875
0,787,93
0,434,448
0,983,404
1,114,251
0,602,46
0,634,598
1,940,43
1,80,100
1,796,844
1,352,668
0,405,23
0,560,145
1,807,768
1,975,150
1,818,990
1,232,383
1,997,90
0,489,592
0,523,682
1,334,639
1,482,927
0,786,674
1,179,663
1,897,830
1,342,851
1,204,624
0,547,116
1,231,633
0,554,20
0,859,712
0,605,40
1,0,162
1,949,811
0,560,443
0,809,440
0,838,440
1,974,919
1,467,704
1,207,780
1,887,788
0,787,84
1,641,900
1,416,676
0,507,523
1,931,691
1,92,171
0,821,505
0,985,480
0,647,506
1,618,791
1,660,695
1,206,29
0,464,1
0,511,267
1,99,971
1,966,0
0,443,438
1,295,739
1,34,455
1,687,726
1,352,665
1,379,760
0,433,301
1,810,852
1,169,993
0,284,258
0,877,563
0,929,528
1,848,180
1,991,32
1,492,679
1,590,814
0,552,170
0,804,684
1,430,896
0,705,102
1,764,790
0,321,167
0,294,294
1,543,967
1,957,920
1,394,492
0,858,468
1,86,500
0,872,304
1,276,734
1,608,712
0,742,127
1,667,804
0,677,657
0,945,625
1,713,970
0,259,301
1,269,938
0,754,309
1,153,229
1,468,710
1,646,691
1,430,829
1,849,796
1,22,849
1,818,776
1,316,357
1,16,154
1,284,512
0,999,695
1,699,905
0,986,391
0,841,265
0,979,633
0,429,342
0,482,312
1,119,858
1,272,920
1,967,960
0,684,722
1,947,751
0,807,246
1,97,208
0,653,25
1,566,790
1,51,35
1,224,718
1,822,825
1,24,579
0,487,609
1,109,614
1,216,428
1,809,780
1,916,979
1,24,972
0,742,50
0,617,26
0,806,274
1,953,876
0,829,651
0,486,70
1,83,231
1,106,195
1,156,54
1,291,824
1,832,964
0,704,83
0,754,431
0,783,376
1,894,167
1,366,873
0,545,180
0,486,106
0,391,286
1,790,889
0,554,25
1,565,926
0,919,501
1,68,563
1,521,998
1,907,938
0,408,250
0,995,694
1,40,390
1,121,652
0,296,354
0,731,44
0,867,346
1,337,397
1,405,655
0,443,520
0,710,202
1,310,420
1,765,841
0,982,246
1,465,733
1,231,573
1,778,743
1,724,765
0,236,126
1,209,928
1,308,884
0,782,672
1,95,248
1,165,578
1,721,786
0,585,525
1,142,824
1,48,703
1,670,815
0,653,510
1,533,812
0,816,388
0,347,325
0,880,238
0,642,187
1,556,961
0,260,1
0,809,287
0,750,583
0,656,318
0,731,331
1,674,963
1,998,924
0,680,395
1,957,124
1,305,796
1,182,525
0,388,533
1,178,498
1,4,166
0,472,556
1,75,759
1,298,543
1,980,855
1,208,438
1,352,818
1,751,966
0,485,287
1,25,870
1,153,227
1,457,762
1,971,993
1,308,929
1,601,948
0,317,348
1,80,918
1,241,793
1,952,82
1,705,765
0,618,124
0,366,4
0,722,501
1,181,969
1,58,941
0,495,494
1,802,867
1,124,735
0,798,511
1,621,681
0,559,556
0,999,722
1,196,870
1,364,849
1,549,812
0,455,219
1,548,594
1,309,992
1,996,18
0,569,361
0,515,541
1,110,213
0,630,536
0,511,454
0,977,469
1,492,917
0,715,188
1,661,876
1,347,435
1,40,711
1,954,951
1,462,590
1,33,390
1,856,902
1,117,477
0,799,3
0,283,89
1,381,853
1,137,946
0,229,349
0,596,195
1,123,182
0,744,473
0,757,83
1,109,107
0,905,325
0,336,553
1,95,103
0,526,229
0,725,52
0,378,231
0,742,164
1,530,854
1,405,870
1,864,984
0,539,485
0,680,172
1,125,817
0,894,229
0,978,486
1,737,711
0,924,585
1,222,691
1,906,804
1,40,662
1,452,852
0,589,250
1,753,982
1,424,477
0,883,493
0,816,208
0,584,204
1,8,842
1,655,968
0,448,591
1,698,849
0,619,536
0,814,606
1,378,712
0,577,233
1,18,960
0,775,186
1,157,668
0,774,495
0,483,137
0,554,290
0,745,65
1,441,591
1,951,964
0,943,288
0,509,182
1,18,44
0,331,76
0,674,172
1,242,706
0,231,211
0,408,454
1,967,120
1,315,576
0,635,617
0,738,285
0,527,385
1,922,961
1,188,926
0,142,53
1,22,902
1,75,71
1,610,804
0,791,740
0,734,98
0,856,480
0,516,67
1,3,182
1,372,951
1,836,111
0,319,499
1,276,800
0,725,94
0,699,476
0,627,332
0,466,144
0,606,414
1,580,794
0,559,570
0,413,572
1,605,826
0,419,137
0,174,146
1,675,888
0,270,220
0,726,100
0,430,611
0,916,525
0,552,265
0,679,439
1,329,607
0,923,564
0,945,478
1,108,851
0,571,515
1,124,380
0,927,443
1,385,644
1,100,543
1,181,331
0,417,321
0,839,775
1,161,735
0,322,220
0,563,160
0,647,50
0,853,578
0,568,24
0,689,431
0,415,309
1,798,886
1,699,924
1,218,963
0,281,6
1,286,764
0,326,292
1,94,3
0,687,256
0,525,531
0,412,37
1,663,927
1,96,928
0,310,481
1,445,696
0,329,21
1,158,715
1,90,557
0,744,310
1,40,578
0,750,346
1,913,36
0,431,25
0,815,310
1,267,652
1,226,261
1,537,618
0,647,471
1,71,685
1,470,693
0,954,719
1,65,197
0,513,576
0,832,257
1,475,960
1,27,356
1,19,327
1,335,960
0,661,14
1,415,665
0,626,342
0,495,436
1,974,132
1,667,913
1,696,915
1,108,359
1,391,951
0,462,401
1,160,538
1,278,552
1,525,645
0,336,262
1,806,897
1,42,40
1,251,618
0,214,122
1,932,41
1,519,786
1,416,971
0,364,258
1,46,372
1,378,698
0,373,220
0,804,219
1,930,108
1,414,615
1,10,558
1,508,802
1,992,939
0,467,292
1,44,110
0,431,414
0,463,382
1,239,424
1,23,188
0,576,238
1,505,911
0,958,708
0,787,264
1,375,840
1,915,112
1,124,723
1,517,768
0,884,257
0,764,479
0,588,23
1,966,97
0,695,532
0,928,230
1,205,88
1,52,257
0,916,293
1,103,686
1,285,895
0,442,299
0,423,496
1,63,793
1,152,893
1,16,301
1,314,890
1,66,366
1,123,762
0,364,341
1,254,571
1,520,835
0,526,269
1,294,348
0,975,724
0,300,276
0,930,628
1,53,958
1,222,489
1,200,81
0,681,127
1,455,849
1,399,718
1,259,648
0,938,355
1,103,117
0,528,612
1,47,753
1,656,923
0,452,345
1,415,755
0,919,521
0,713,80
1,92,621
1,914,9
1,54,520
0,376,526
0,995,276
1,471,997
0,757,244
1,607,716
1,352,740
1,392,363
0,319,294
0,778,542
0,382,279
1,247,452
0,531,9
1,608,810
0,599,423
1,336,952
0,792,458
1,160,660
0,830,600
0,481,124
1,408,887
1,27,797
0,471,381
1,106,172
1,346,732
0,892,506
0,775,178
1,216,717
1,94,607
1,952,915
0,888,401
1,124,724
1,812,12
1,44,176
0,251,15
1,14,300
0,373,391
1,876,852
0,503,286
1,138,862
0,936,438
0,671,647
0,646,55
0,718,339
1,525,899
1,183,360
0,520,619
1,61,389
0,620,499
0,198,10
1,585,899
0,919,533
1,262,513
1,410,621
0,360,202
0,615,380
1,149,927
0,888,647
1,481,745
1,311,962
1,136,921
1,639,885
0,665,73
1,228,858
1,211,268
0,647,404
1,27,407
1,830,900
0,350,61
1,64,219
0,412,539
1,101,810
1,119,11
1,50,860
0,245,135
0,554,213
0,580,139
1,411,955
1,288,832
0,551,439
0,894,225
1,28,464
0,713,2
0,530,598
0,862,614
1,21,521
0,934,60
0,609,234
1,77,689
1,478,842
0,860,370
1,119,465
1,993,758
0,480,97
1,143,654
1,994,939
0,519,145
0,534,316
0,807,609
1,492,653
1,72,640
1,522,712
1,322,874
1,529,873
0,902,617
1,449,785
1,872,885
1,292,473
1,989,873
0,742,576
1,93,717
0,505,454
1,809,751
0,853,655
1,80,305
0,387,415
1,187,97
1,673,860
1,342,920
1,516,767
1,136,768
1,973,867
1,119,719
1,350,931
1,106,209
1,133,587
0,546,521
0,683,353
0,227,39
0,999,583
0,338,60
0,472,506
0,479,333
1,326,949
1,53,136
0,515,635
1,303,425
1,763,961
1,133,767
1,102,457
0,722,642
1,975,877
0,810,546
1,206,933
0,908,690
1,172,226
1,216,569
1,239,998
1,226,998
1,605,835
1,982,177
0,775,416
0,914,290
1,68,264
1,38,602
1,152,583
0,638,581
1,835,796
1,254,438
1,92,207
1,32,961
1,313,505
0,686,245
0,718,652
0,522,427
0,612,181
0,593,150
0,719,439
1,161,579
1,147,10
0,889,457
1,827,854
0,730,424
0,775,69
0,882,335
1,44,831
0,252,262
0,671,654
0,798,303
0,639,712
1,480,686
1,17,556
1,72,662
1,415,908
0,614,98
0,950,277
1,923,812
0,277,308
1,412,597
1,894,155
1,26,734
0,337,132
1,585,776
1,726,955
1,187,864
1,881,20
0,943,374
1,291,981
0,759,46
1,385,778
0,505,85
0,540,550
0,649,502
1,547,685
0,582,679
1,174,559
0,979,619
1,15,762
1,881,90
1,71,716
0,571,474
0,355,237
0,366,137
1,411,708
1,295,331
0,664,272
1,460,807
1,49,580
1,912,101
0,779,95
1,68,70
0,405,25
0,912,331
1,196,186
1,73,997
0,974,592
0,431,624
0,413,320
1,193,622
0,704,563
0,588,249
1,15,989
0,425,416
1,891,93
0,371,333
1,4,295
0,782,530
0,430,174
0,490,105
0,673,636
0,833,730
0,847,639
1,392,781
0,437,391
1,965,984
1,826,70
0,896,606
0,547,653
1,194,457
1,182,982
1,438,695
1,988,121
1,47,389
1,218,569
0,295,223
1,366,534
1,17,92
0,977,332
0,503,602
0,417,377
1,39,245
0,281,377
1,185,163
1,383,693
0,644,345
1,725,872
1,938,936
0,870,691
0,302,222
0,981,602
1,93,312
1,738,957
1,852,57
0,446,83
0,612,35
0,797,78
1,534,681
0,615,685
1,664,950
1,266,696
0,358,332
0,314,436
1,48,573
0,446,21
1,54,43
1,887,175
1,274,690
1,300,899
0,354,9
0,940,718
1,612,884
1,190,435
1,300,545
0,240,173
1,161,304
1,31,297
1,889,148
0,468,436
0,659,640
1,823,943
1,15,990
1,305,880
1,736,779
1,325,608
1,323,818
0,582,190
0,600,82
1,502,682
1,199,448
1,124,73
0,939,229
1,93,275
1,91,351
0,815,428
1,226,927
1,124,563
0,974,397
0,862,168
0,491,528
1,784,883
1,905,762
1,2,274
1,148,112
0,663,584
0,599,556
1,128,863
1,36,600
1,54,58
0,318,186
0,433,33
0,680,509
1,778,947
1,285,953
1,205,216
1,255,691
0,860,444
1,659,678
1,876,941
0,995,613
0,980,405
1,564,806
1,704,991
0,920,357
1,153,884
1,801,90
0,802,235
1,218,555
1,115,505
0,969,698
1,177,743
1,913,799
1,243,478
0,758,266
0,590,584
1,135,637
1,389,972
0,784,747
0,457,49
1,255,496
1,600,780
0,445,233
0,626,490
0,646,43
1,209,481
1,143,509
0,740,375
0,725,466
0,692,517
1,66,585
0,813,451
0,442,232
0,349,129
0,942,287
0,434,167
0,648,282
1,432,867
1,49,24
0,350,18
1,38,118
1,112,70
0,137,51
0,592,69
1,29,185
1,600,770
1,987,89
1,1,929
0,873,556
1,247,567
1,157,969
1,286,461
1,807,798
1,294,594
1,629,703
0,755,782
0,437,532
1,287,821
0,429,618
1,496,633
0,808,489
1,623,712
0,362,460
1,312,591
0,618,398
0,732,85
1,927,57
1,75,95
0,522,115
0,731,103
0,624,603
0,936,551
1,178,441
1,166,654
0,264,57
0,650,430
0,692,333
1,399,845
1,139,673
0,457,583
1,918,949
0,318,102
0,654,525
1,844,872
1,514,806
0,650,701
1,4,292
1,886,682
0,982,338
1,16,817
0,633,202
1,263,741
0,570,314
1,414,855
1,308,560
0,524,136
1,133,440
1,331,423
1,183,70
0,523,134
1,403,884
1,176,250
1,316,756
1,18,279
1,995,185
1,136,410
1,132,299
0,696,385
0,599,185
1,406,900
0,355,153
1,124,872
0,337,224
1,49,945
0,672,153
0,474,100
0,298,434
0,390,156
1,321,567
0,545,279
0,580,265
1,587,997
1,246,750
1,192,716
1,488,568
0,280,387
1,267,400
0,758,180
1,510,806
0,790,226
1,37,875
1,859,780
1,3,953
1,858,913
0,609,66
1,618,971
1,509,727
0,477,588
1,513,699
0,779,166
0,678,276
1,393,695
1,179,489
1,261,589
1,246,572
0,455,346
0,450,585
1,165,37
1,8,43
1,614,864
0,543,48
0,909,11
1,668,843
1,189,126
1,274,499
0,850,552
1,893,84
0,233,20
0,799,25
1,740,757
0,321,89
1,778,665
1,981,706
1,262,278
1,261,769
1,776,678
1,484,887
0,780,152
1,175,374
0,791,626
1,44,64
0,397,219
0,856,315
1,440,616
1,881,139
1,202,256
0,707,485
1,817,886
0,888,519
1,767,657
0,538,84
0,973,404
0,317,220
1,904,829
1,222,833
0,809,463
1,495,963
1,840,984
1,26,696
0,399,94
1,347,943
0,635,368
0,786,706
1,530,715
0,684,620
1,111,717
1,720,786
0,811,527
0,589,630
1,323,631
1,621,727
1,184,385
0,459,450
1,840,996
0,558,56
1,139,845
1,983,869
1,73,673
0,631,680
0,658,656
1,230,759
0,987,599
1,249,499
1,302,343
0,700,144
1,65,103
1,315,406
1,749,946
1,644,797
1,487,712
0,860,360
1,772,796
1,659,670
0,536,181
1,964,75
1,57,738
1,501,682
1,865,866
0,498,406
1,158,599
0,448,514
0,760,522
0,730,649
0,597,581
1,97,608
1,5,416
1,917,761
0,674,31
1,65,724
1,46,322
1,9,447
0,285,104
0,442,280
0,916,243
1,16,950
1,707,659
1,495,817
1,817,760
1,273,961
0,549,77
0,736,261
1,214,564
0,266,71
1,30,608
1,83,88
0,837,539
1,211,75
1,951,773
0,763,133
1,137,782
0,881,264
0,379,205
0,792,69
1,110,438
0,725,562
0,334,459
1,244,470
0,901,170
1,250,963
0,763,69
0,349,197
0,502,0
1,97,121
1,907,970
0,838,626
0,525,326
0,353,331
0,558,654
1,11,953
0,270,329
0,672,179
1,123,541
0,946,599
0,486,523
1,80,299
1,445,883
0,731,467
1,21,105
0,432,323
0,771,245
1,19,5
1,100,775
0,526,590
0,776,724
1,548,942
0,154,111
1,323,691
1,64,671
0,966,411
0,509,252
1,158,32
1,15,941
1,256,486
0,689,367
0,335,178
0,609,395
0,684,551
1,405,597
0,401,479
1,177,21
1,113,515
1,170,471
0,251,211
0,845,360
1,538,958
1,234,487
1,222,827
1,263,933
1,260,331
1,538,776
0,386,45
1,180,493
1,99,598
0,377,46
1,453,533
1,536,613
0,776,185
1,889,975
0,718,145
0,969,387
0,175,214
0,335,50
1,128,282
0,772,238
1,187,41
1,58,932
1,658,784
0,589,15
0,409,286
1,311,424
0,920,521
1,79,833
1,564,763
1,943,828
1,524,760
0,638,417
0,407,3
0,796,782
0,332,128
0,614,175
0,390,251
1,142,449
0,769,345
1,607,759
0,524,261
1,161,909
0,590,96
0,798,184
0,716,623
1,12,648
1,2,220
1,102,680
1,173,156
1,153,394
1,320,867
0,790,443
1,167,494
0,410,136
0,305,436
0,284,457
1,117,632
1,463,931
1,245,396
1,74,843
1,387,684
1,693,885
0,193,238
0,785,450
0,962,515
1,113,456
0,683,307
0,845,284
1,919,169
1,844,899
1,682,839
1,485,976
0,292,370
0,534,253
1,41,996
1,597,733
0,210,66
1,176,607
0,391,136
0,397,77
0,253,105
1,292,623
1,705,766
0,490,5
0,258,95
1,680,960
1,395,628
1,361,632
0,506,521
1,640,925
1,177,754
0,777,147
0,980,292
0,213,346
1,510,782
1,212,129
0,883,372
1,445,674
0,677,75
1,39,624
1,56,461
1,668,772
1,889,9
0,763,434
1,163,622
0,300,534
0,548,229
0,715,411
0,756,475
1,296,748
0,364,33
1,88,378
0,606,198
0,843,610
0,909,265
0,759,466
0,578,586
1,466,976
0,860,436
1,709,890
0,577,327
1,739,894
1,370,830
1,158,997
0,285,14
0,564,115
1,90,450
1,121,863
1,246,488
1,390,706
1,360,903
1,151,737
0,235,385
1,160,602
1,213,964
0,491,604
0,745,593
1,171,792
1,198,720
0,384,348
1,137,229
1,918,27
0,433,285
0,620,383
0,644,555
1,231,708
1,52,438
0,545,222
0,926,416
0,874,353
0,535,38
1,382,815
1,103,616
1,816,59
0,381,143
1,414,634
1,44,699
1,530,632
0,310,388
1,477,911
1,64,732
0,876,499
0,351,430
1,20,16
1,39,766
1,131,930
0,392,446
1,791,994
0,431,84
1,821,159
1,348,519
0,756,778
0,929,506
0,692,49
0,887,475
1,802,132
0,751,568
0,984,307
0,188,81
1,935,54
1,790,897
0,448,91
1,617,724
0,623,439
0,504,287
0,759,222
0,744,612
0,647,98
1,226,485
0,843,473
1,112,510
1,23,906
1,26,855
1,75,214
0,613,161
0,601,510
1,111,861
1,609,893
1,74,911
0,836,557
0,261,52
1,225,113
0,445,379
1,353,447
0,637,109
1,9,317
1,264,851
0,738,459
1,18,980
1,258,699
0,689,123
1,144,348
1,274,612
0,455,9
0,842,264
1,846,813
1,197,664
1,841,829
1,153,632
1,212,445
0,682,382
1,568,806
1,189,0
0,896,194
0,295,258
0,940,620
0,868,700
0,430,321
1,348,662
1,520,830
0,726,593
1,162,945
0,644,106
1,87,386
1,258,810
0,359,124
1,237,861
1,242,516
0,335,353
1,984,74
1,263,966
1,630,908
0,645,669
0,721,114
0,922,322
1,41,191
1,469,988
1,44,367
1,286,681
1,999,941
1,343,904
1,416,952
1,68,73
0,639,637
0,490,273
0,613,127
1,132,113
1,2,825
0,443,619
0,427,148
1,114,728
0,413,285
0,930,483
0,603,58
1,644,752
1,920,24
1,42,239
1,453,943
0,823,468
1,125,65
0,424,187
1,326,426
1,487,829
0,631,167
1,955,856
1,61,694
1,943,131
0,579,34
1,480,868
0,622,238
0,797,780
0,648,2
1,22,110
0,775,245
1,242,105
0,415,592
1,590,965
0,718,724
0,428,591
1,554,977
1,28,194
0,905,279
1,42,144
1,326,652
1,62,779
0,988,655
1,499,807
0,698,185
0,909,622
1,416,837
1,120,818
1,858,823
1,577,903
1,66,883
0,532,241
0,795,237
0,671,62
0,384,590
1,279,931
1,99,835
1,272,727
1,923,984
0,806,156
0,366,266
0,557,368
1,313,546
0,605,222
0,674,403
1,993,915
0,607,239
1,57,135
0,361,458
1,230,522
1,817,803
0,606,598
1,912,982
0,807,467
0,449,263
0,973,340
0,768,309
1,266,632
1,439,859
1,329,768
1,708,986
0,245,1
1,204,186
1,216,536
0,435,394
0,713,573
1,443,965
1,181,255
0,883,376
1,307,327
1,214,629
1,127,36
0,805,544
1,627,972
1,394,850
1,549,592
1,246,701
1,174,131
1,263,482
0,647,501
1,172,516
1,724,780
1,386,827
0,831,305
0,544,318
0,824,437
1,266,685
0,643,139
0,609,17
0,353,208
1,84,52
0,618,98
1,452,882
1,769,975
1,136,656
0,490,296
0,843,496
1,172,902
1,439,837
0,342,311
1,416,739
1,149,489
0,494,206
0,745,120
0,174,114
1,6,234
1,260,793
0,765,198
0,755,3
0,884,348
0,782,288
1,200,19
1,140,931
0,770,446
0,892,236
1,909,195
0,629,32
0,913,501
1,26,259
0,589,93
0,629,174
0,398,455
1,934,821
1,34,686
1,87,963
1,809,7
0,903,701
1,558,663
0,748,94
0,474,244
1,78,159
0,629,197
1,139,633
0,783,320
0,897,287
1,804,888
0,872,674
1,192,203
0,334,176
1,231,245
0,698,299
1,358,637
0,513,429
1,294,648
1,148,827
0,793,655
1,434,899
1,148,415
0,296,325
1,21,626
1,61,848
0,422,138
1,208,352
0,631,414
0,703,422
0,295,132
1,80,121
1,94,112
1,546,796
1,185,509
0,690,382
0,677,461
1,728,986
1,187,629
0,743,525
1,956,163
0,908,269
1,849,946
1,86,423
1,58,749
1,933,987
1,878,34
0,517,586
0,731,73
1,497,681
1,706,845
1,150,597
1,68,907
1,906,756
1,329,558
0,534,108
1,115,612
1,156,552
1,135,228
0,700,555
0,338,22
1,960,973
1,973,743
0,716,363
0,781,88
1,236,710
0,907,670
1,166,718
0,749,401
0,558,559
0,654,615
0,382,422
1,816,892
1,686,987
0,812,292
1,107,586
1,340,781
0,447,520
0,436,521
1,717,817
1,101,900
1,199,257
0,741,435
1,379,581
1,897,691
1,246,357
1,177,47
0,212,192
1,71,313
0,824,92
0,429,246
1,32,467
1,258,572
0,613,397
1,906,87
0,998,304
1,667,783
1,166,454
0,453,556
1,153,433
1,603,871
0,723,472
0,785,478
0,295,68
0,209,283
0,924,244
1,883,999
1,127,881
1,85,469
1,215,405
1,59,627
1,499,912
1,379,618
1,92,80
1,910,748
1,234,557
0,558,545
0,872,647
0,338,252
0,775,512
1,21,822
1,250,361
1,21,989
1,24,158
1,291,669
0,720,627
1,967,175
1,997,954
1,916,43
0,582,730
0,423,269
0,755,447
1,221,491
1,154,526
0,514,453
0,345,121
0,645,244
0,478,596
0,614,91
1,920,54
1,306,905
0,943,280
0,673,26
0,573,696
1,9,563
1,213,850
0,938,217
0,608,6
1,43,3
1,14,192
0,993,725
1,667,734
0,495,268
0,694,127
1,912,807
1,421,669
0,933,357
1,238,795
0,667,542
0,855,202
0,450,486
0,996,527
1,993,908
0,461,182
1,695,820
0,954,185
0,547,579
1,27,544
1,160,921
1,322,773
0,945,682
1,175,107
0,913,368
1,890,807
1,282,560
0,957,518
1,391,615
1,230,338
1,976,783
0,566,198
1,135,741
0,896,341
1,529,620
0,644,70
1,161,414
1,246,839
1,33,36
0,501,222
0,869,540
0,431,184
0,452,571
1,221,684
1,902,910
0,644,498
0,705,545
0,621,456
1,412,847
1,786,910
1,393,880
0,608,133
1,939,61
1,104,209
0,591,756
0,312,445
1,73,574
0,249,384
0,711,181
1,5,832
1,256,804
1,198,957
1,543,803
0,522,178
1,245,649
1,224,670
1,72,508
1,225,478
1,302,967
1,64,892
1,268,780
1,6,910
0,456,172
1,911,735
1,261,732
1,62,102
0,578,579
1,884,900
0,124,50
1,166,146
1,79,361
1,66,29
1,180,997
0,925,571
1,295,603
0,529,130
1,31,717
0,594,404
0,663,10
1,276,532
0,956,396
1,834,841
1,267,930
0,739,686
0,920,435
1,258,709
0,366,386
1,979,162
0,791,451
0,642,343
1,21,791
1,795,135
1,943,733
1,235,944
0,625,370
1,33,668
1,990,845
1,650,677
1,290,573
0,888,211
1,177,898
1,749,922
0,960,619
1,351,422
1,455,775
1,155,329
0,842,543
1,915,886
0,723,298
0,509,357
1,19,225
0,908,585
0,614,78
1,950,948
1,890,977
1,891,732
0,851,339
0,815,381
0,407,420
1,57,570
0,851,333
1,243,913
1,862,116
0,480,175
1,623,658
1,555,722
1,155,578
1,633,767
0,946,477
1,128,974
1,461,953
1,156,182
1,153,776
1,984,100
0,723,575
0,967,501
1,28,597
0,741,468
0,547,527
1,36,437
0,953,630
1,196,731
0,955,359
1,449,931
0,154,60
1,891,48
0,287,96
1,869,59
0,985,626
1,909,809
0,532,303
0,598,97
1,62,418
0,526,209
0,797,651
1,58,338
1,675,938
1,78,35
0,677,206
0,224,75
0,606,173
0,412,247
1,15,410
0,862,737
1,494,775
1,242,457
0,649,28
1,990,96
0,408,174
0,618,113
1,362,585
0,697,27
1,407,914
1,937,196
1,605,949
1,174,405
1,79,232
1,277,955
1,131,612
1,456,597
1,379,684
0,654,92
1,7,966
1,51,873
0,653,489
1,183,497
1,377,627
1,877,93
1,23,260
0,395,20
0,772,450
0,960,318
0,617,674
0,413,278
1,40,991
0,921,387
0,607,23
0,896,396
1,353,454
0,534,409
0,584,184
1,152,102
0,552,485
0,724,326
1,38,57
1,428,739
1,138,995
0,520,308
0,870,621
0,456,229
1,153,492
1,107,757
1,500,560
1,35,405
0,403,515
1,372,916
0,352,165
1,215,950
0,610,489
0,793,44
0,675,64
0,685,337
1,151,260
0,281,237
0,974,401
0,384,53
0,394,17
1,95,269
1,991,186
0,685,585
0,722,708
1,134,84
1,503,570
0,906,308
0,741,524
1,344,361
1,909,94
0,588,123
0,518,446
1,40,825
0,340,516
1,326,446
1,858,743
1,246,853
0,819,364
0,728,505
0,531,485
1,815,972
0,549,403
0,803,654
0,863,442
1,69,225
1,450,810
1,124,431
0,880,593
0,297,264
0,768,291
0,329,340
1,472,927
0,929,580
1,993,165
1,405,707
0,861,462
1,97,422
0,926,492
1,813,908
0,681,587
0,298,60
0,158,107
0,762,533
1,231,358
0,271,119
0,668,540
1,492,991
0,405,345
0,727,493
1,913,127
1,787,897
0,244,134
0,777,378
0,962,608
1,492,940
1,118,569
1,419,806
1,166,463
1,265,772
1,114,564
1,865,75
0,444,524
1,302,815
1,145,903
1,887,146
1,912,870
1,441,812
1,81,442
1,128,992
1,481,722
0,870,429
0,277,266
0,851,249
1,130,951
0,962,529
1,143,610
0,656,206
0,778,363
1,152,62
1,354,715
1,386,830
1,44,334
0,254,295
1,893,841
0,561,258
0,668,581
0,498,610
0,539,232
0,501,316
1,630,832
0,234,30
1,361,959
1,43,839
1,688,931
1,187,595
1,139,126
0,402,580
0,830,464
0,262,171
1,534,761
1,113,417
0,553,183
1,75,719
0,966,421
1,677,838
1,986,980
1,119,344
1,612,851
0,820,704
0,281,137
1,895,21
1,321,739
1,367,748
1,35,965
1,67,792
0,391,282
1,337,999
0,761,377
0,692,443
0,886,329
0,419,390
0,528,409
0,917,645
1,105,863
1,797,850
1,979,893
0,691,509
0,639,397
1,122,909
0,213,154
0,815,317
0,735,560
0,673,619
1,610,903
1,225,819
1,110,468
1,573,937
1,225,107
0,332,197
1,844,745
1,81,466
1,155,760
1,47,439
0,700,163
1,686,685
0,554,17
1,735,901
1,252,418
1,940,192
0,549,618
1,832,16
0,473,487
0,688,394
1,239,398
1,899,840
0,812,514
0,428,341
1,385,865
1,347,577
1,349,672
1,520,921
0,727,618
1,942,43
0,471,6
1,774,828
0,677,88
0,575,363
1,60,263
0,208,141
1,33,350
0,737,300
0,416,143
1,99,638
1,643,824
0,287,224
1,71,585
0,688,488
1,41,113
1,154,252
1,185,400
0,520,317
1,153,544
0,664,150
1,173,71
1,88,608
0,748,416
0,687,347
0,601,389
1,564,721
0,340,12
0,828,486
1,180,241
1,401,981
0,815,713
0,511,327
1,253,458
0,896,202
0,682,8
1,130,595
1,221,857
0,351,138
1,424,479
1,341,974
0,741,656
0,687,380
1,162,841
0,610,0
1,327,908
0,564,188
0,725,536
0,943,227
0,582,358
0,635,165
1,892,925
1,915,169
0,243,35
0,676,565
0,463,478
1,100,907
1,265,742
0,512,386
0,595,498
0,444,183
0,966,454
1,459,820
0,598,187
0,494,107
0,428,480
1,159,421
0,318,247
1,105,419
0,860,364
1,821,921
0,622,619
0,422,195
1,506,667
1,237,978
1,162,825
1,434,920
0,659,467
0,935,612
1,675,803
0,611,526
0,241,142
0,764,47
0,638,135
1,567,635
0,673,98
0,863,593
0,252,118
0,603,673
1,128,96
0,983,653
1,15,343
1,926,873
0,385,463
0,651,125
1,0,659
1,354,690
1,962,981
1,350,576
1,764,843
1,632,698
1,943,715
0,562,299
1,64,731
0,546,75
1,329,615
0,725,680
1,331,760
0,566,635
0,806,481
1,362,838
0,305,280
1,183,403
1,23,973
0,340,194
0,558,467
1,110,943
1,561,815
1,395,696
1,173,460
0,884,369
1,102,262
0,277,75
1,377,896
0,941,579
0,252,78
0,654,396
0,235,0
1,245,542
1,486,835
0,842,497
0,617,468
1,892,844
1,220,532
0,445,62
0,846,620
1,139,190
0,323,494
1,840,993
1,389,769
1,967,868
1,675,973
1,24,867
0,347,408
1,394,840
1,336,900
1,321,826
1,163,843
1,573,959
1,918,863
1,7,412
0,729,707
1,118,411
0,329,108
0,655,595
1,661,993
0,626,551
0,671,175
0,985,428
0,636,193
1,188,399
0,848,556
0,773,544
1,235,958
1,184,640
0,960,601
1,56,284
0,443,286
0,933,335
0,257,311
0,391,310
0,381,108
0,550,358
0,657,292
1,855,47
0,283,149
1,545,970
1,227,270
0,689,593
0,883,416
0,531,520
1,751,990
0,770,515
1,718,738
0,653,774
0,660,14
1,736,730
0,309,217
0,632,677
0,542,433
0,957,338
1,634,783
1,49,387
1,401,873
1,398,799
1,612,945
0,996,521
0,953,496
0,718,464
1,994,953
1,335,611
0,817,421
0,859,251
1,80,298
0,706,339
1,113,413
0,601,112
1,382,707
0,664,570
1,124,299
0,822,420
1,995,918
1,693,843
1,308,596
0,896,653
1,302,711
1,157,562
1,685,888
1,465,830
1,836,909
0,699,35
1,769,918
0,948,187
1,280,631
1,127,95
1,275,739
1,51,404
1,356,624
0,943,453
1,17,36
1,795,927
1,56,549
1,123,305
1,718,809
0,532,437
1,207,620
0,879,393
1,83,722
1,505,991
0,703,688
0,457,62
0,687,14
1,233,933
0,775,149
1,571,964
1,189,819
1,909,65
0,885,337
1,438,988
0,618,283
1,703,968
0,380,319
1,360,728
0,578,564
1,985,700
1,908,151
1,112,610
1,168,622
1,735,893
0,260,313
0,389,219
0,971,591
1,246,516
0,931,600
1,245,893
1,704,763
0,448,401
0,589,339
0,287,63
1,346,361
1,26,256
1,879,183
0,370,460
1,333,647
0,642,319
1,180,820
1,199,992
1,22,620
0,797,524
1,980,130
0,682,6
0,780,343
1,112,747
1,119,606
1,229,241
0,336,212
1,484,692
1,287,635
0,761,573
0,302,308
0,632,148
1,316,880
1,147,90
1,468,953
1,552,566
1,412,641
0,591,531
0,540,507
1,233,928
1,881,136
1,229,915
1,974,738
1,16,780
0,831,166
0,415,211
1,269,546
1,3,948
0,757,468
0,756,106
1,980,176
0,565,166
1,180,208
0,482,49
1,84,179
0,560,41
0,603,490
0,862,619
0,897,342
0,399,347
0,386,167
1,549,621
1,892,811
0,961,462
